Product ID,Variant ID,Product Type,Product Page,Product URL,Title,Description,SKU,Price,Sale Price,On Sale,Stock,Categories,Tags,Weight,Length,Width,Height,Visible,Hosted Image URLs
,,PHYSICAL,Shop,mmr-quadcontrol-ffpe-block,MMR QuadControl™ FFPE block,"<p>The MMR QuadControl™ FFPE block is a formalin-fixed paraffin-embedded (FFPE) cell-line control block for MMR immunohistochemistry, configured as a QuadControl™ panel comprising four characterized cell-line population(s). It delivers reproducible, pre-characterized MMR expression levels for calibrating, validating, and monitoring IHC staining runs.</p> <p><strong>Composition:</strong> Four characterized cell-line population(s) in a QuadControl™ layout.</p>",PCI-02,2000.00,,No,unlimited,FFPE Block,"MMR, QuadControl™",,,,,Yes,https://pci-update.vercel.app/products/02_MMR_QuadControl_FFPE_block.jpg
,,PHYSICAL,Shop,mlh1-msh6-dualcontrol-single-slide,MLH1/MSH6 DualControl™ Single Slide,"<p>The MLH1/MSH6 DualControl™ Single Slide is a pre-sectioned cell-line control slide for MLH1, MSH6 immunohistochemistry, configured as a DualControl™ panel comprising two characterized cell-line population(s). It delivers reproducible, pre-characterized MLH1, MSH6 expression levels for calibrating, validating, and monitoring IHC staining runs.</p> <p><strong>Composition:</strong> Two characterized cell-line population(s) in a DualControl™ layout.</p>",PCI-05,30.00,,No,unlimited,Slide,"MLH1, MSH6, DualControl™",,,,,Yes,https://pci-update.vercel.app/products/05_MLH1_MSH6_DualControl_Single_Slide.jpg
,,PHYSICAL,Shop,pten-null-dualcontrol-ffpe-block,PTEN NULL DualControl™ FFPE block,"<p>The PTEN NULL DualControl™ FFPE block is a formalin-fixed paraffin-embedded (FFPE) cell-line control block for PTEN immunohistochemistry, configured as a DualControl™ panel comprising two characterized cell-line population(s). It delivers reproducible, pre-characterized PTEN expression levels for calibrating, validating, and monitoring IHC staining runs.</p> <p><strong>Composition:</strong> Two characterized cell-line population(s) in a DualControl™ layout.</p>",PCI-12,900.00,,No,unlimited,FFPE Block,"PTEN, DualControl™",,,,,Yes,https://pci-update.vercel.app/products/12_PTEN_NULL_DualControl_FFPE_block.jpg
,,PHYSICAL,Shop,brafv600e-single-control-ffpe-block,BRAFV600E Single control FFPE block,"<p>The BRAFV600E Single control FFPE block is a formalin-fixed paraffin-embedded (FFPE) cell-line control block for BRAFV600E immunohistochemistry, configured as a Single Control panel comprising a single characterized cell-line population(s). It delivers reproducible, pre-characterized BRAFV600E expression levels for calibrating, validating, and monitoring IHC staining runs.</p> <p><strong>Composition:</strong> A single characterized cell-line population(s) in a Single Control layout.</p>",PCI-13,500.00,,No,unlimited,FFPE Block,"BRAFV600E, Single Control",,,,,Yes,https://pci-update.vercel.app/products/13_BRAFV600E_Single_control_FFPE_block.jpg
,,PHYSICAL,Shop,p16-tricontrol-ffpe-block,p16 TriControl™ FFPE block,"<p>The p16 TriControl™ FFPE block is a formalin-fixed paraffin-embedded (FFPE) cell-line control block for p16 immunohistochemistry, configured as a TriControl™ panel comprising three characterized cell-line population(s). It delivers reproducible, pre-characterized p16 expression levels for calibrating, validating, and monitoring IHC staining runs.</p> <p><strong>Composition:</strong> Three characterized cell-line population(s) in a TriControl™ layout.</p>",PCI-15,1500.00,,No,unlimited,FFPE Block,"p16, TriControl™",,,,,Yes,https://pci-update.vercel.app/products/15_p16_TriControl_FFPE_block.jpg
,,PHYSICAL,Shop,brafv600e-dualcontrol-ffpe-block,BRAFV600E DualControl™ FFPE block,"<p>The BRAFV600E DualControl™ FFPE block is a formalin-fixed paraffin-embedded (FFPE) cell-line control block for BRAFV600E immunohistochemistry, configured as a DualControl™ panel comprising two characterized cell-line population(s). It delivers reproducible, pre-characterized BRAFV600E expression levels for calibrating, validating, and monitoring IHC staining runs.</p> <p><strong>Composition:</strong> Two characterized cell-line population(s) in a DualControl™ layout.</p>",PCI-16,900.00,,No,unlimited,FFPE Block,"BRAFV600E, DualControl™",,,,,Yes,https://pci-update.vercel.app/products/16_BRAFV600E_DualControl_FFPE_block.jpg
,,PHYSICAL,Shop,mlh1-dualcontrol-ffpe-block,MLH1 DualControl™ FFPE BLOCK,"<p>The MLH1 DualControl™ FFPE BLOCK is a formalin-fixed paraffin-embedded (FFPE) cell-line control block for MLH1 immunohistochemistry, configured as a DualControl™ panel comprising two characterized cell-line population(s). It delivers reproducible, pre-characterized MLH1 expression levels for calibrating, validating, and monitoring IHC staining runs.</p> <p><strong>Composition:</strong> Two characterized cell-line population(s) in a DualControl™ layout.</p>",PCI-17,900.00,,No,unlimited,FFPE Block,"MLH1, DualControl™",,,,,Yes,https://pci-update.vercel.app/products/17_MLH1_DualControl_FFPE_BLOCK.jpg
,,PHYSICAL,Shop,p16-diffuse-dualcontrol-ffpe-block,p16 Diffuse DualControl™ FFPE BLOCK,"<p>The p16 Diffuse DualControl™ FFPE BLOCK is a formalin-fixed paraffin-embedded (FFPE) cell-line control block for p16 immunohistochemistry, configured as a DualControl™ panel comprising two characterized cell-line population(s). It delivers reproducible, pre-characterized p16 expression levels for calibrating, validating, and monitoring IHC staining runs.</p> <p><strong>Composition:</strong> Two characterized cell-line population(s) in a DualControl™ layout.</p>",PCI-18,900.00,,No,unlimited,FFPE Block,"p16, DualControl™",,,,,Yes,https://pci-update.vercel.app/products/18_p16_Diffuse_DualControl_FFPE_BLOCK.jpg
,,PHYSICAL,Shop,p53-null-dualcontrol-ffpe-block,p53 NULL DualControl™ FFPE BLOCK,"<p>The p53 NULL DualControl™ FFPE BLOCK is a pre-sectioned cell-line control slide for p53 Null immunohistochemistry, configured as a DualControl™ panel comprising two characterized cell-line population(s). It delivers reproducible, pre-characterized p53 Null expression levels for calibrating, validating, and monitoring IHC staining runs.</p> <p><strong>Composition:</strong> Two characterized cell-line population(s) in a DualControl™ layout.</p>",PCI-19,900.00,,No,unlimited,FFPE,"p53 Null, DualControl™",,,,,Yes,https://pci-update.vercel.app/products/19_p53_NULL_DualControl_FFPE_BLOCK.jpg
,,PHYSICAL,Shop,rb-null-dualcontrol-ffpe-block,RB NULL DualControl™ FFPE block,"<p>The RB NULL DualControl™ FFPE block is a formalin-fixed paraffin-embedded (FFPE) cell-line control block for RB immunohistochemistry, configured as a DualControl™ panel comprising two characterized cell-line population(s). It delivers reproducible, pre-characterized RB expression levels for calibrating, validating, and monitoring IHC staining runs.</p> <p><strong>Composition:</strong> Two characterized cell-line population(s) in a DualControl™ layout.</p>",PCI-20,900.00,,No,unlimited,FFPE Block,"RB, DualControl™",,,,,Yes,https://pci-update.vercel.app/products/20_RB_NULL_DualControl_FFPE_block.jpg
,,PHYSICAL,Shop,msh2-dualcontrol-ffpe-block,MSH2 DualControl™ FFPE BLOCK,"<p>The MSH2 DualControl™ FFPE BLOCK is a formalin-fixed paraffin-embedded (FFPE) cell-line control block for MSH2 immunohistochemistry, configured as a DualControl™ panel comprising two characterized cell-line population(s). It delivers reproducible, pre-characterized MSH2 expression levels for calibrating, validating, and monitoring IHC staining runs.</p> <p><strong>Composition:</strong> Two characterized cell-line population(s) in a DualControl™ layout.</p>",PCI-21,900.00,,No,unlimited,FFPE Block,"MSH2, DualControl™",,,,,Yes,https://pci-update.vercel.app/products/21_MSH2_DualControl_FFPE_BLOCK.jpg
,,PHYSICAL,Shop,p53-r248q-dualcontrol-ffpe-block,p53 (R248Q) DualControl™ FFPE BLOCK,"<p>The p53 (R248Q) DualControl™ FFPE BLOCK is a formalin-fixed paraffin-embedded (FFPE) cell-line control block for p53 immunohistochemistry, configured as a DualControl™ panel comprising two characterized cell-line population(s). It delivers reproducible, pre-characterized p53 expression levels for calibrating, validating, and monitoring IHC staining runs.</p> <p><strong>Composition:</strong> Two characterized cell-line population(s) in a DualControl™ layout.</p>",PCI-22,900.00,,No,unlimited,FFPE Block,"p53, DualControl™",,,,,Yes,https://pci-update.vercel.app/products/22_p53_R248Q_DualControl_FFPE_BLOCK.jpg
,,PHYSICAL,Shop,pms2-dualcontrol-ffpe-block,PMS2 DualControl™ FFPE BLOCK,"<p>The PMS2 DualControl™ FFPE BLOCK is a formalin-fixed paraffin-embedded (FFPE) cell-line control block for PMS2 immunohistochemistry, configured as a DualControl™ panel comprising two characterized cell-line population(s). It delivers reproducible, pre-characterized PMS2 expression levels for calibrating, validating, and monitoring IHC staining runs.</p> <p><strong>Composition:</strong> Two characterized cell-line population(s) in a DualControl™ layout.</p>",PCI-23,900.00,,No,unlimited,FFPE Block,"PMS2, DualControl™",,,,,Yes,https://pci-update.vercel.app/products/23_PMS2_DualControl_FFPE_BLOCK.jpg
,,PHYSICAL,Shop,p16-heterogenous-single-control-ffpe-block,p16 Heterogenous SINGLE CONTROL FFPE BLOCK,"<p>The p16 Heterogenous SINGLE CONTROL FFPE BLOCK is a formalin-fixed paraffin-embedded (FFPE) cell-line control block for p16 immunohistochemistry, configured as a Single Control panel comprising a single characterized cell-line population(s). It delivers reproducible, pre-characterized p16 expression levels for calibrating, validating, and monitoring IHC staining runs.</p> <p><strong>Composition:</strong> A single characterized cell-line population(s) in a Single Control layout.</p>",PCI-24,500.00,,No,unlimited,FFPE Block,"p16, Single Control",,,,,Yes,https://pci-update.vercel.app/products/24_p16_Heterogenous_SINGLE_CONTROL_FFPE_BLOCK.jpg
,,PHYSICAL,Shop,pten-null-single-control-ffpe-block,PTEN-NULL Single control FFPE block,"<p>The PTEN-NULL Single control FFPE block is a formalin-fixed paraffin-embedded (FFPE) cell-line control block for PTEN immunohistochemistry, configured as a Single Control panel comprising a single characterized cell-line population(s). It delivers reproducible, pre-characterized PTEN expression levels for calibrating, validating, and monitoring IHC staining runs.</p> <p><strong>Composition:</strong> A single characterized cell-line population(s) in a Single Control layout.</p>",PCI-25,500.00,,No,unlimited,FFPE Block,"PTEN, Single Control",,,,,Yes,https://pci-update.vercel.app/products/25_PTEN_NULL_Single_control_FFPE_block.jpg
,,PHYSICAL,Shop,pms2-deficient-single-control-ffpe-block,PMS2 Deficient Single control FFPE block,"<p>The PMS2 Deficient Single control FFPE block is a formalin-fixed paraffin-embedded (FFPE) cell-line control block for PMS2 immunohistochemistry, configured as a Single Control panel comprising a single characterized cell-line population(s). It delivers reproducible, pre-characterized PMS2 expression levels for calibrating, validating, and monitoring IHC staining runs.</p> <p><strong>Composition:</strong> A single characterized cell-line population(s) in a Single Control layout.</p>",PCI-26,500.00,,No,unlimited,FFPE Block,"PMS2, Single Control",,,,,Yes,https://pci-update.vercel.app/products/26_PMS2_Deficient_Single_control_FFPE_block.jpg
,,PHYSICAL,Shop,p53-r248q-single-control-ffpe-block,p53 (R248Q) Single control FFPE block,"<p>The p53 (R248Q) Single control FFPE block is a formalin-fixed paraffin-embedded (FFPE) cell-line control block for p53 immunohistochemistry, configured as a Single Control panel comprising a single characterized cell-line population(s). It delivers reproducible, pre-characterized p53 expression levels for calibrating, validating, and monitoring IHC staining runs.</p> <p><strong>Composition:</strong> A single characterized cell-line population(s) in a Single Control layout.</p>",PCI-27,500.00,,No,unlimited,FFPE Block,"p53, Single Control",,,,,Yes,https://pci-update.vercel.app/products/27_p53_R248Q_Single_control_FFPE_block.jpg
,,PHYSICAL,Shop,msh6-deficient-single-control-ffpe-block,MSH6 Deficient Single control FFPE block,"<p>The MSH6 Deficient Single control FFPE block is a formalin-fixed paraffin-embedded (FFPE) cell-line control block for MSH6 immunohistochemistry, configured as a Single Control panel comprising a single characterized cell-line population(s). It delivers reproducible, pre-characterized MSH6 expression levels for calibrating, validating, and monitoring IHC staining runs.</p> <p><strong>Composition:</strong> A single characterized cell-line population(s) in a Single Control layout.</p>",PCI-28,500.00,,No,unlimited,FFPE Block,"MSH6, Single Control",,,,,Yes,https://pci-update.vercel.app/products/28_MSH6_Deficient_Single_control_FFPE_block.jpg
,,PHYSICAL,Shop,mmr-intact-single-control-single-slide,MMR Intact Single Control Single Slide,"<p>The MMR Intact Single Control Single Slide is a pre-sectioned cell-line control slide for MMR immunohistochemistry, configured as a Single Control panel comprising a single characterized cell-line population(s). It delivers reproducible, pre-characterized MMR expression levels for calibrating, validating, and monitoring IHC staining runs.</p> <p><strong>Composition:</strong> A single characterized cell-line population(s) in a Single Control layout.</p>",PCI-29,15.00,,No,unlimited,Slide,"MMR, Single Control",,,,,Yes,https://pci-update.vercel.app/products/29_MMR_Intact_Single_Control_Single_Slide.jpg
,,PHYSICAL,Shop,p53-null-single-control-single-slide,p53 NULL Single Control Single Slide,"<p>The p53 NULL Single Control Single Slide is a pre-sectioned cell-line control slide for p53 immunohistochemistry, configured as a Single Control panel comprising a single characterized cell-line population(s). It delivers reproducible, pre-characterized p53 expression levels for calibrating, validating, and monitoring IHC staining runs.</p> <p><strong>Composition:</strong> A single characterized cell-line population(s) in a Single Control layout.</p>",PCI-30,15.00,,No,unlimited,Slide,"p53, Single Control",,,,,Yes,https://pci-update.vercel.app/products/30_p53_NULL_Single_Control_Single_Slide.jpg
,,PHYSICAL,Shop,p53-wild-type-single-control-single-slide,p53 wild type Single Control Single Slide,"<p>The p53 wild type Single Control Single Slide is a pre-sectioned cell-line control slide for p53 immunohistochemistry, configured as a Single Control panel comprising a single characterized cell-line population(s). It delivers reproducible, pre-characterized p53 expression levels for calibrating, validating, and monitoring IHC staining runs.</p> <p><strong>Composition:</strong> A single characterized cell-line population(s) in a Single Control layout.</p>",PCI-31,15.00,,No,unlimited,Slide,"p53, Single Control",,,,,Yes,https://pci-update.vercel.app/products/31_p53_wild_type_Single_Control_Single_Slide.jpg
,,PHYSICAL,Shop,pr-negative-single-control-single-slide,PR negative Single Control Single Slide,"<p>The PR negative Single Control Single Slide is a pre-sectioned cell-line control slide for PR immunohistochemistry, configured as a Single Control panel comprising a single characterized cell-line population(s). It delivers reproducible, pre-characterized PR expression levels for calibrating, validating, and monitoring IHC staining runs.</p> <p><strong>Composition:</strong> A single characterized cell-line population(s) in a Single Control layout.</p>",PCI-32,15.00,,No,unlimited,Slide,"PR, Single Control",,,,,Yes,https://pci-update.vercel.app/products/32_PR_negative_Single_Control_Single_Slide.jpg
,,PHYSICAL,Shop,her2-negative-single-control-single-slide,HER2 Negative Single Control Single Slide,"<p>The HER2 Negative Single Control Single Slide is a pre-sectioned cell-line control slide for HER2 immunohistochemistry, configured as a Single Control panel comprising a single characterized cell-line population(s). It delivers reproducible, pre-characterized HER2 expression levels for calibrating, validating, and monitoring IHC staining runs.</p> <p><strong>Composition:</strong> A single characterized cell-line population(s) in a Single Control layout.</p>",PCI-33,15.00,,No,unlimited,Slide,"HER2, Single Control",,,,,Yes,https://pci-update.vercel.app/products/33_HER2_Negative_Single_Control_Single_Slide.jpg
,,PHYSICAL,Shop,her2-amp-single-control-single-slide,HER2 AMP Single Control Single Slide,"<p>The HER2 AMP Single Control Single Slide is a pre-sectioned cell-line control slide for HER2 immunohistochemistry, configured as a Single Control panel comprising a single characterized cell-line population(s). It delivers reproducible, pre-characterized HER2 expression levels for calibrating, validating, and monitoring IHC staining runs.</p> <p><strong>Composition:</strong> A single characterized cell-line population(s) in a Single Control layout.</p>",PCI-34,15.00,,No,unlimited,Slide,"HER2, Single Control",,,,,Yes,https://pci-update.vercel.app/products/34_HER2_AMP_Single_Control_Single_Slide.jpg
,,PHYSICAL,Shop,p16-oe-single-control-single-slide,p16 OE Single Control Single Slide,"<p>The p16 OE Single Control Single Slide is a pre-sectioned cell-line control slide for p16 immunohistochemistry, configured as a Single Control panel comprising a single characterized cell-line population(s). It delivers reproducible, pre-characterized p16 expression levels for calibrating, validating, and monitoring IHC staining runs.</p> <p><strong>Composition:</strong> A single characterized cell-line population(s) in a Single Control layout.</p>",PCI-35,15.00,,No,unlimited,Slide,"p16, Single Control",,,,,Yes,https://pci-update.vercel.app/products/35_p16_OE_Single_Control_Single_Slide.jpg
,,PHYSICAL,Shop,p16-heterogenous-single-control-single-slide,p16 heterogenous Single Control Single Slide,"<p>The p16 heterogenous Single Control Single Slide is a pre-sectioned cell-line control slide for p16 immunohistochemistry, configured as a Single Control panel comprising a single characterized cell-line population(s). It delivers reproducible, pre-characterized p16 expression levels for calibrating, validating, and monitoring IHC staining runs.</p> <p><strong>Composition:</strong> A single characterized cell-line population(s) in a Single Control layout.</p>",PCI-36,15.00,,No,unlimited,Slide,"p16, Single Control",,,,,Yes,https://pci-update.vercel.app/products/36_p16_heterogenous_Single_Control_Single_Slide.jpg
,,PHYSICAL,Shop,pten-wild-type-single-control-single-slide,PTEN Wild type Single Control Single Slide,"<p>The PTEN Wild type Single Control Single Slide is a pre-sectioned cell-line control slide for PTEN immunohistochemistry, configured as a Single Control panel comprising a single characterized cell-line population(s). It delivers reproducible, pre-characterized PTEN expression levels for calibrating, validating, and monitoring IHC staining runs.</p> <p><strong>Composition:</strong> A single characterized cell-line population(s) in a Single Control layout.</p>",PCI-37,15.00,,No,unlimited,Slide,"PTEN, Single Control",,,,,Yes,https://pci-update.vercel.app/products/37_PTEN_Wild_type_Single_Control_Single_Slide.jpg
,,PHYSICAL,Shop,folr1-oe-single-control-single-slide,FOLR1 OE Single Control Single Slide,"<p>The FOLR1 OE Single Control Single Slide is a pre-sectioned cell-line control slide for FOLR1 immunohistochemistry, configured as a Single Control panel comprising a single characterized cell-line population(s). It delivers reproducible, pre-characterized FOLR1 expression levels for calibrating, validating, and monitoring IHC staining runs.</p> <p><strong>Composition:</strong> A single characterized cell-line population(s) in a Single Control layout.</p>",PCI-38,15.00,,No,unlimited,Slide,"FOLR1, Single Control",,,,,Yes,https://pci-update.vercel.app/products/38_FOLR1_OE_Single_Control_Single_Slide.jpg
,,PHYSICAL,Shop,folr1-negative-single-control-single-slide,FOLR1 Negative single control single slide,"<p>The FOLR1 Negative single control single slide is a pre-sectioned cell-line control slide for FOLR1 immunohistochemistry, configured as a Single Control panel comprising a single characterized cell-line population(s). It delivers reproducible, pre-characterized FOLR1 expression levels for calibrating, validating, and monitoring IHC staining runs.</p> <p><strong>Composition:</strong> A single characterized cell-line population(s) in a Single Control layout.</p>",PCI-39,15.00,,No,unlimited,Slide,"FOLR1, Single Control",,,,,Yes,https://pci-update.vercel.app/products/39_FOLR1_Negative_single_control_single_slide.jpg
,,PHYSICAL,Shop,pdl1-high-single-control-single-slide,PDL1 HIGH Single Control Single Slide,"<p>The PDL1 HIGH Single Control Single Slide is a pre-sectioned cell-line control slide for PDL-1 immunohistochemistry, configured as a Single Control panel comprising a single characterized cell-line population(s). It delivers reproducible, pre-characterized PDL-1 expression levels for calibrating, validating, and monitoring IHC staining runs.</p> <p><strong>Composition:</strong> A single characterized cell-line population(s) in a Single Control layout.</p>",PCI-40,15.00,,No,unlimited,Slide,"PDL-1, Single Control",,,,,Yes,https://pci-update.vercel.app/products/40_PDL1_HIGH_Single_Control_Single_Slide.jpg
,,PHYSICAL,Shop,wild-type-control-single-control-ffpe-block,Wild type control SINGLE CONTROL FFPE BLOCK,"<p>The Wild type control SINGLE CONTROL FFPE BLOCK is a formalin-fixed paraffin-embedded (FFPE) cell-line control block for — immunohistochemistry, configured as a Single Control panel comprising a single characterized cell-line population(s). It delivers reproducible, pre-characterized — expression levels for calibrating, validating, and monitoring IHC staining runs.</p> <p><strong>Composition:</strong> A single characterized cell-line population(s) in a Single Control layout.</p>",PCI-41,500.00,,No,unlimited,FFPE Block,"—, Single Control",,,,,Yes,https://pci-update.vercel.app/products/41_Wild_type_control_SINGLE_CONTROL_FFPE_BLOCK.jpg
,,PHYSICAL,Shop,p16-null-single-control-ffpe-block,p16 NULL SINGLE CONTROL FFPE BLOCK,"<p>The p16 NULL SINGLE CONTROL FFPE BLOCK is a pre-sectioned cell-line control slide for p16 NULL immunohistochemistry, configured as a Single Control panel comprising a single characterized cell-line population(s). It delivers reproducible, pre-characterized p16 NULL expression levels for calibrating, validating, and monitoring IHC staining runs.</p> <p><strong>Composition:</strong> A single characterized cell-line population(s) in a Single Control layout.</p>",PCI-42,500.00,,No,unlimited,FFPE,"p16 NULL, Single Control",,,,,Yes,https://pci-update.vercel.app/products/42_p16_NULL_SINGLE_CONTROL_FFPE_BLOCK.jpg
,,PHYSICAL,Shop,msh2-dualcontrol-single-slide,MSH2 DualControl™ Single Slide,"<p>The MSH2 DualControl™ Single Slide is a pre-sectioned cell-line control slide for MSH2 immunohistochemistry, configured as a DualControl™ panel comprising two characterized cell-line population(s). It delivers reproducible, pre-characterized MSH2 expression levels for calibrating, validating, and monitoring IHC staining runs.</p> <p><strong>Composition:</strong> Two characterized cell-line population(s) in a DualControl™ layout.</p>",PCI-43,30.00,,No,unlimited,Slide,"MSH2, DualControl™",,,,,Yes,https://pci-update.vercel.app/products/43_MSH2_DualControl_Single_Slide.jpg
,,PHYSICAL,Shop,pms2-dualcontrol-single-slide,PMS2 DualControl™ Single Slide,"<p>The PMS2 DualControl™ Single Slide is a pre-sectioned cell-line control slide for PMS2 immunohistochemistry, configured as a DualControl™ panel comprising two characterized cell-line population(s). It delivers reproducible, pre-characterized PMS2 expression levels for calibrating, validating, and monitoring IHC staining runs.</p> <p><strong>Composition:</strong> Two characterized cell-line population(s) in a DualControl™ layout.</p>",PCI-44,30.00,,No,unlimited,Slide,"PMS2, DualControl™",,,,,Yes,https://pci-update.vercel.app/products/44_PMS2_DualControl_Single_Slide.jpg
,,PHYSICAL,Shop,myc-amp-single-control-single-slide,MYC AMP Single Control Single Slide,"<p>The MYC AMP Single Control Single Slide is a pre-sectioned cell-line control slide for MYC immunohistochemistry, configured as a Single Control panel comprising a single characterized cell-line population(s). It delivers reproducible, pre-characterized MYC expression levels for calibrating, validating, and monitoring IHC staining runs.</p> <p><strong>Composition:</strong> A single characterized cell-line population(s) in a Single Control layout.</p>",PCI-45,15.00,,No,unlimited,Slide,"MYC, Single Control",,,,,Yes,https://pci-update.vercel.app/products/45_MYC_AMP_Single_Control_Single_Slide.jpg
,,PHYSICAL,Shop,pten-deficient-single-control-single-slide,PTEN deficient Single Control Single Slide,"<p>The PTEN deficient Single Control Single Slide is a pre-sectioned cell-line control slide for PTEN immunohistochemistry, configured as a Single Control panel comprising a single characterized cell-line population(s). It delivers reproducible, pre-characterized PTEN expression levels for calibrating, validating, and monitoring IHC staining runs.</p> <p><strong>Composition:</strong> A single characterized cell-line population(s) in a Single Control layout.</p>",PCI-46,15.00,,No,unlimited,Slide,"PTEN, Single Control",,,,,Yes,https://pci-update.vercel.app/products/46_PTEN_deficient_Single_Control_Single_Slide.jpg
,,PHYSICAL,Shop,beta-catenin-single-control-single-slide,Beta-catenin Single Control Single Slide,"<p>The Beta-catenin Single Control Single Slide is a pre-sectioned cell-line control slide for Beta-catenin immunohistochemistry, configured as a Single Control panel comprising a single characterized cell-line population(s). It delivers reproducible, pre-characterized Beta-catenin expression levels for calibrating, validating, and monitoring IHC staining runs.</p> <p><strong>Composition:</strong> A single characterized cell-line population(s) in a Single Control layout.</p>",PCI-47,15.00,,No,unlimited,Slide,"Beta-catenin, Single Control",,,,,Yes,https://pci-update.vercel.app/products/47_Beta_catenin_Single_Control_Single_Slide.jpg
,,PHYSICAL,Shop,brafv600e-single-control-single-slide,BRAFV600E Single Control Single Slide,"<p>The BRAFV600E Single Control Single Slide is a pre-sectioned cell-line control slide for BRAFV600E immunohistochemistry, configured as a Single Control panel comprising a single characterized cell-line population(s). It delivers reproducible, pre-characterized BRAFV600E expression levels for calibrating, validating, and monitoring IHC staining runs.</p> <p><strong>Composition:</strong> A single characterized cell-line population(s) in a Single Control layout.</p>",PCI-48,15.00,,No,unlimited,Slide,"BRAFV600E, Single Control",,,,,Yes,https://pci-update.vercel.app/products/48_BRAFV600E_Single_Control_Single_Slide.jpg
,,PHYSICAL,Shop,p16-null-single-control-single-slide,p16 Null Single Control Single Slide,"<p>The p16 Null Single Control Single Slide is a pre-sectioned cell-line control slide for p16 immunohistochemistry, configured as a Single Control panel comprising a single characterized cell-line population(s). It delivers reproducible, pre-characterized p16 expression levels for calibrating, validating, and monitoring IHC staining runs.</p> <p><strong>Composition:</strong> A single characterized cell-line population(s) in a Single Control layout.</p>",PCI-49,15.00,,No,unlimited,Slide,"p16, Single Control",,,,,Yes,https://pci-update.vercel.app/products/49_p16_Null_Single_Control_Single_Slide.jpg
,,PHYSICAL,Shop,rb-null-single-control-single-slide,RB Null Single Control Single Slide,"<p>The RB Null Single Control Single Slide is a pre-sectioned cell-line control slide for RB immunohistochemistry, configured as a Single Control panel comprising a single characterized cell-line population(s). It delivers reproducible, pre-characterized RB expression levels for calibrating, validating, and monitoring IHC staining runs.</p> <p><strong>Composition:</strong> A single characterized cell-line population(s) in a Single Control layout.</p>",PCI-50,15.00,,No,unlimited,Slide,"RB, Single Control",,,,,Yes,https://pci-update.vercel.app/products/50_RB_Null_Single_Control_Single_Slide.jpg
,,PHYSICAL,Shop,msh6-single-control-single-slide,MSH6 Single Control Single Slide,"<p>The MSH6 Single Control Single Slide is a pre-sectioned cell-line control slide for MSH6 immunohistochemistry, configured as a Single Control panel comprising a single characterized cell-line population(s). It delivers reproducible, pre-characterized MSH6 expression levels for calibrating, validating, and monitoring IHC staining runs.</p> <p><strong>Composition:</strong> A single characterized cell-line population(s) in a Single Control layout.</p>",PCI-51,15.00,,No,unlimited,Slide,"MSH6, Single Control",,,,,Yes,https://pci-update.vercel.app/products/51_MSH6_Single_Control_Single_Slide.jpg
,,PHYSICAL,Shop,mlh1-single-control-single-slide,MLH1 Single Control Single Slide,"<p>The MLH1 Single Control Single Slide is a pre-sectioned cell-line control slide for MLH1 immunohistochemistry, configured as a Single Control panel comprising a single characterized cell-line population(s). It delivers reproducible, pre-characterized MLH1 expression levels for calibrating, validating, and monitoring IHC staining runs.</p> <p><strong>Composition:</strong> A single characterized cell-line population(s) in a Single Control layout.</p>",PCI-52,15.00,,No,unlimited,Slide,"MLH1, Single Control",,,,,Yes,https://pci-update.vercel.app/products/52_MLH1_Single_Control_Single_Slide.jpg
,,PHYSICAL,Shop,pms2-single-control-single-slide,PMS2 Single Control Single Slide,"<p>The PMS2 Single Control Single Slide is a pre-sectioned cell-line control slide for PMS2 immunohistochemistry, configured as a Single Control panel comprising a single characterized cell-line population(s). It delivers reproducible, pre-characterized PMS2 expression levels for calibrating, validating, and monitoring IHC staining runs.</p> <p><strong>Composition:</strong> A single characterized cell-line population(s) in a Single Control layout.</p>",PCI-53,15.00,,No,unlimited,Slide,"PMS2, Single Control",,,,,Yes,https://pci-update.vercel.app/products/53_PMS2_Single_Control_Single_Slide.jpg
,,PHYSICAL,Shop,p53-dualcontrol-single-slide-oe-and-wt,p53 DualControl™ Single Slide (OE and WT),"<p>The p53 DualControl™ Single Slide (OE and WT) is a pre-sectioned cell-line control slide for p53 immunohistochemistry, configured as a DualControl™ panel comprising two characterized cell-line population(s). It delivers reproducible, pre-characterized p53 expression levels for calibrating, validating, and monitoring IHC staining runs.</p> <p><strong>Composition:</strong> Two characterized cell-line population(s) in a DualControl™ layout.</p>",PCI-54,30.00,,No,unlimited,Slide,"p53, DualControl™",,,,,Yes,https://pci-update.vercel.app/products/54_p53_DualControl_Single_Slide_OE_and_WT.jpg
,,PHYSICAL,Shop,p53-tricontrol-single-slide,p53 TriControl™ Single Slide,"<p>The p53 TriControl™ Single Slide is a pre-sectioned cell-line control slide for p53 immunohistochemistry, configured as a TriControl™ panel comprising three characterized cell-line population(s). It delivers reproducible, pre-characterized p53 expression levels for calibrating, validating, and monitoring IHC staining runs.</p> <p><strong>Composition:</strong> Three characterized cell-line population(s) in a TriControl™ layout.</p>",PCI-55,45.00,,No,unlimited,Slide,"p53, TriControl™",,,,,Yes,https://pci-update.vercel.app/products/55_p53_TriControl_Single_Slide.jpg
,,PHYSICAL,Shop,pdl1-high-dualcontrol-single-slide,PDL1 HIGH DualControl™ Single Slide,"<p>The PDL1 HIGH DualControl™ Single Slide is a pre-sectioned cell-line control slide for PDL-1 immunohistochemistry, configured as a DualControl™ panel comprising two characterized cell-line population(s). It delivers reproducible, pre-characterized PDL-1 expression levels for calibrating, validating, and monitoring IHC staining runs.</p> <p><strong>Composition:</strong> Two characterized cell-line population(s) in a DualControl™ layout.</p>",PCI-56,30.00,,No,unlimited,Slide,"PDL-1, DualControl™",,,,,Yes,https://pci-update.vercel.app/products/56_PDL1_HIGH_DualControl_Single_Slide.jpg
,,PHYSICAL,Shop,pdl1-high-dualcontrol-ffpe-block,PDL1 HIGH DualControl™ FFPE Block,"<p>The PDL1 HIGH DualControl™ FFPE Block is a pre-sectioned cell-line control slide for PDL-1 immunohistochemistry, configured as a DualControl™ panel comprising two characterized cell-line population(s). It delivers reproducible, pre-characterized PDL-1 expression levels for calibrating, validating, and monitoring IHC staining runs.</p> <p><strong>Composition:</strong> Two characterized cell-line population(s) in a DualControl™ layout.</p>",PCI-57,900.00,,No,unlimited,FFPE,"PDL-1, DualControl™",,,,,Yes,https://pci-update.vercel.app/products/57_PDL1_HIGH_DualControl_FFPE_Block.jpg
,,PHYSICAL,Shop,p53-tricontrol-ffpe-block,p53 TriControl™ FFPE block,"<p>The p53 TriControl™ FFPE block is a formalin-fixed paraffin-embedded (FFPE) cell-line control block for p53 immunohistochemistry, configured as a TriControl™ panel comprising three characterized cell-line population(s). It delivers reproducible, pre-characterized p53 expression levels for calibrating, validating, and monitoring IHC staining runs.</p> <p><strong>Composition:</strong> Three characterized cell-line population(s) in a TriControl™ layout.</p>",PCI-58,1500.00,,No,unlimited,FFPE Block,"p53, TriControl™",,,,,Yes,https://pci-update.vercel.app/products/58_p53_TriControl_FFPE_block.jpg
,,PHYSICAL,Shop,pdl1-high-single-control-ffpe-block,PDL1 HIGH SINGLE CONTROL FFPE BLOCK,"<p>The PDL1 HIGH SINGLE CONTROL FFPE BLOCK is a formalin-fixed paraffin-embedded (FFPE) cell-line control block for PDL-1 immunohistochemistry, configured as a Single Control panel comprising a single characterized cell-line population(s). It delivers reproducible, pre-characterized PDL-1 expression levels for calibrating, validating, and monitoring IHC staining runs.</p> <p><strong>Composition:</strong> A single characterized cell-line population(s) in a Single Control layout.</p>",PCI-59,500.00,,No,unlimited,FFPE Block,"PDL-1, Single Control",,,,,Yes,https://pci-update.vercel.app/products/59_PDL1_HIGH_SINGLE_CONTROL_FFPE_BLOCK.jpg
,,PHYSICAL,Shop,msh6-dualcontrol-ffpe-block,MSH6 DualControl™ FFPE BLOCK,"<p>The MSH6 DualControl™ FFPE BLOCK is a formalin-fixed paraffin-embedded (FFPE) cell-line control block for MSH6 immunohistochemistry, configured as a DualControl™ panel comprising two characterized cell-line population(s). It delivers reproducible, pre-characterized MSH6 expression levels for calibrating, validating, and monitoring IHC staining runs.</p> <p><strong>Composition:</strong> Two characterized cell-line population(s) in a DualControl™ layout.</p>",PCI-60,900.00,,No,unlimited,FFPE Block,"MSH6, DualControl™",,,,,Yes,https://pci-update.vercel.app/products/60_MSH6_DualControl_FFPE_BLOCK.jpg
,,PHYSICAL,Shop,p53-dualcontrol-dualcontrol-ffpe-block-oe-and-wt,p53 DualControl™ - Dualcontrol™ FFPE block (OE and WT),"<p>The p53 DualControl™ - Dualcontrol™ FFPE block (OE and WT) is a formalin-fixed paraffin-embedded (FFPE) cell-line control block for p53 immunohistochemistry, configured as a DualControl™ panel comprising two characterized cell-line population(s). It delivers reproducible, pre-characterized p53 expression levels for calibrating, validating, and monitoring IHC staining runs.</p> <p><strong>Composition:</strong> Two characterized cell-line population(s) in a DualControl™ layout.</p>",PCI-61,900.00,,No,unlimited,FFPE Block,"p53, DualControl™",,,,,Yes,https://pci-update.vercel.app/products/61_p53_DualControl_Dualcontrol_FFPE_block_OE_and_WT.jpg
,,PHYSICAL,Shop,mlh1-deficient-single-control-ffpe-block,MLH1 Deficient Single control FFPE block,"<p>The MLH1 Deficient Single control FFPE block is a formalin-fixed paraffin-embedded (FFPE) cell-line control block for MLH1 immunohistochemistry, configured as a Single Control panel comprising a single characterized cell-line population(s). It delivers reproducible, pre-characterized MLH1 expression levels for calibrating, validating, and monitoring IHC staining runs.</p> <p><strong>Composition:</strong> A single characterized cell-line population(s) in a Single Control layout.</p>",PCI-62,500.00,,No,unlimited,FFPE Block,"MLH1, Single Control",,,,,Yes,https://pci-update.vercel.app/products/62_MLH1_Deficient_Single_control_FFPE_block.jpg
,,PHYSICAL,Shop,p16-tricontrol-single-slide,p16 TriControl™ Single Slide,"<p>The p16 TriControl™ Single Slide is a pre-sectioned cell-line control slide for p16 immunohistochemistry, configured as a TriControl™ panel comprising three characterized cell-line population(s). It delivers reproducible, pre-characterized p16 expression levels for calibrating, validating, and monitoring IHC staining runs.</p> <p><strong>Composition:</strong> Three characterized cell-line population(s) in a TriControl™ layout.</p>",PCI-00,45.00,,No,unlimited,Slide,"p16, TriControl™",,,,,Yes,
,,PHYSICAL,Shop,mmr-quadcontrol-single-slide,MMR QuadControl™ Single Slide,"<p>The MMR QuadControl™ Single Slide is a pre-sectioned cell-line control slide for MMR immunohistochemistry, configured as a QuadControl™ panel comprising four characterized cell-line population(s). It delivers reproducible, pre-characterized MMR expression levels for calibrating, validating, and monitoring IHC staining runs.</p> <p><strong>Composition:</strong> Four characterized cell-line population(s) in a QuadControl™ layout.</p>",PCI-01,60.00,,No,unlimited,Slide,"MMR, QuadControl™",,,,,Yes,
,,PHYSICAL,Shop,p53-oe-single-control-single-slide,p53 OE Single Control Single Slide,"<p>The p53 OE Single Control Single Slide is a pre-sectioned cell-line control slide for p53 immunohistochemistry, configured as a Single Control panel comprising a single characterized cell-line population(s). It delivers reproducible, pre-characterized p53 expression levels for calibrating, validating, and monitoring IHC staining runs.</p> <p><strong>Composition:</strong> A single characterized cell-line population(s) in a Single Control layout.</p>",PCI-03,15.00,,No,unlimited,Slide,"p53, Single Control",,,,,Yes,
,,PHYSICAL,Shop,beta-catenin-single-control-single-slide-pci-04,Beta-catenin Single Control Single Slide,"<p>The Beta-catenin Single Control Single Slide is a pre-sectioned cell-line control slide for Beta-catenin immunohistochemistry, configured as a Single Control panel comprising a single characterized cell-line population(s). It delivers reproducible, pre-characterized Beta-catenin expression levels for calibrating, validating, and monitoring IHC staining runs.</p> <p><strong>Composition:</strong> A single characterized cell-line population(s) in a Single Control layout.</p>",PCI-04,15.00,,No,unlimited,Slide,"Beta-catenin, Single Control",,,,,Yes,
,,PHYSICAL,Shop,pten-null-dualcontrol-single-slide,PTEN NULL DualControl™ Single Slide,"<p>The PTEN NULL DualControl™ Single Slide is a pre-sectioned cell-line control slide for PTEN immunohistochemistry, configured as a DualControl™ panel comprising two characterized cell-line population(s). It delivers reproducible, pre-characterized PTEN expression levels for calibrating, validating, and monitoring IHC staining runs.</p> <p><strong>Composition:</strong> Two characterized cell-line population(s) in a DualControl™ layout.</p>",PCI-06,30.00,,No,unlimited,Slide,"PTEN, DualControl™",,,,,Yes,
,,PHYSICAL,Shop,p16-null-oe-dualcontrol-ffpe-block,p16 NULL/OE DualControl™ FFPE BLOCK,"<p>The p16 NULL/OE DualControl™ FFPE BLOCK is a formalin-fixed paraffin-embedded (FFPE) cell-line control block for p16 immunohistochemistry, configured as a DualControl™ panel comprising two characterized cell-line population(s). It delivers reproducible, pre-characterized p16 expression levels for calibrating, validating, and monitoring IHC staining runs.</p> <p><strong>Composition:</strong> Two characterized cell-line population(s) in a DualControl™ layout.</p>",PCI-07,900.00,,No,unlimited,FFPE Block,"p16, DualControl™",,,,,Yes,
,,PHYSICAL,Shop,mlh1-msh6-dualcontrol-ffpe-block,MLH1/MSH6 DualControl™ FFPE BLOCK,"<p>The MLH1/MSH6 DualControl™ FFPE BLOCK is a formalin-fixed paraffin-embedded (FFPE) cell-line control block for MLH1, MSH6 immunohistochemistry, configured as a DualControl™ panel comprising two characterized cell-line population(s). It delivers reproducible, pre-characterized MLH1, MSH6 expression levels for calibrating, validating, and monitoring IHC staining runs.</p> <p><strong>Composition:</strong> Two characterized cell-line population(s) in a DualControl™ layout.</p>",PCI-08,900.00,,No,unlimited,FFPE Block,"MLH1, MSH6, DualControl™",,,,,Yes,
,,PHYSICAL,Shop,p53-p248q-single-control-single-slide,p53 P248Q Single Control Single Slide,"<p>The p53 P248Q Single Control Single Slide is a pre-sectioned cell-line control slide for p53 immunohistochemistry, configured as a Single Control panel comprising a single characterized cell-line population(s). It delivers reproducible, pre-characterized p53 expression levels for calibrating, validating, and monitoring IHC staining runs.</p> <p><strong>Composition:</strong> A single characterized cell-line population(s) in a Single Control layout.</p>",PCI-09,15.00,,No,unlimited,Slide,"p53, Single Control",,,,,Yes,
,,PHYSICAL,Shop,wild-type-single-control-single-slide,Wild type Single Control Single Slide,"<p>The Wild type Single Control Single Slide is a pre-sectioned cell-line control slide for — immunohistochemistry, configured as a Single Control panel comprising a single characterized cell-line population(s). It delivers reproducible, pre-characterized — expression levels for calibrating, validating, and monitoring IHC staining runs.</p> <p><strong>Composition:</strong> A single characterized cell-line population(s) in a Single Control layout.</p>",PCI-10,15.00,,No,unlimited,Slide,"—, Single Control",,,,,Yes,
,,PHYSICAL,Shop,p16-diffuse-single-control-ffpe-block,p16 Diffuse SINGLE CONTROL FFPE BLOCK,"<p>The p16 Diffuse SINGLE CONTROL FFPE BLOCK is a formalin-fixed paraffin-embedded (FFPE) cell-line control block for p16 immunohistochemistry, configured as a Single Control panel comprising a single characterized cell-line population(s). It delivers reproducible, pre-characterized p16 expression levels for calibrating, validating, and monitoring IHC staining runs.</p> <p><strong>Composition:</strong> A single characterized cell-line population(s) in a Single Control layout.</p>",PCI-11,500.00,,No,unlimited,FFPE Block,"p16, Single Control",,,,,Yes,
,,PHYSICAL,Shop,beta-catenin-single-control-ffpe-block,Beta-Catenin SINGLE CONTROL FFPE BLOCK,"<p>The Beta-Catenin SINGLE CONTROL FFPE BLOCK is a pre-sectioned cell-line control slide for Beta-Catenin immunohistochemistry, configured as a Single Control panel comprising a single characterized cell-line population(s). It delivers reproducible, pre-characterized Beta-Catenin expression levels for calibrating, validating, and monitoring IHC staining runs.</p> <p><strong>Composition:</strong> A single characterized cell-line population(s) in a Single Control layout.</p>",PCI-14,500.00,,No,unlimited,FFPE,"Beta-Catenin, Single Control",,,,,Yes,
,,PHYSICAL,Shop,p53-dualcontrol-dual-control-ffpe-block-oe-and-n,p53 DualControl™ - Dual control FFPE block (OE and N),"<p>The p53 DualControl™ - Dual control FFPE block (OE and N) is a formalin-fixed paraffin-embedded (FFPE) cell-line control block for p53 immunohistochemistry, configured as a DualControl™ panel comprising two characterized cell-line population(s). It delivers reproducible, pre-characterized p53 expression levels for calibrating, validating, and monitoring IHC staining runs.</p> <p><strong>Composition:</strong> Two characterized cell-line population(s) in a DualControl™ layout.</p>",PCI-63,900.00,,No,unlimited,FFPE Block,"p53, DualControl™",,,,,Yes,
